{
  "$schema": "https://schema.management.azure.com/schemas/2019-04-01/deploymentParameters.json#",
  "contentVersion": "1.0.0.0",
  "parameters": {
    "azureBotId": {
      "value": "AdastraOpenAIChatBot"
    },
    "azureBotSku": {
      "value": "F0"
    },
    "azureBotRegion": {
      "value": "global"
    },
    "botEndpoint": {
      "value": ""
    },
    "appType": {
      "value": "MultiTenant"
    },
    "appId": {
      "value": "2bd8e5f2-3586-404b-ab75-1ee8efd6cc76"
    },
    "UMSIName": {
      "value": ""
    },
    "UMSIResourceGroupName": {
      "value": ""
    },
    "tenantId": {
      "value": ""
    }
  }
}